MilestoneValue_ID;Column1;Number;Milestone_ID;ActualLabel;ActualValue;ActualDate;BusinessKey;Notes;Dataversion_ID;Location_ID;ReportPeriodID;Organisation_ID;LocationIntID
MV1.1.1.1.1;MV1.1.1.1;1;MST1.1.1.1;Three ;3;;MV1.1.1.1.1;;1 Publish;Loc1 Central;20130301 1;Org1 Company A;1
MV1.1.1.1.2;MV1.1.1.1;2;MST1.1.1.1;Four ;4;;MV1.1.1.1.2;;1 Publish;Loc1 Central;20130601 2;Org1 Company A;1
MV1.1.1.1.13;MV1.1.1.1;13;MST1.1.1.1;Three ;3;;MV1.1.1.1.13;;1 Publish;Loc2 Coast;20120601 2;Org1 Company A;2
MV1.1.1.1.14;MV1.1.1.1;14;MST1.1.1.1;Seven ;7;;MV1.1.1.1.14;;1 Publish;Loc2 Coast;20120901 3;Org1 Company A;2
MV1.1.1.1.15;MV1.1.1.1;15;MST1.1.1.1;Nine ;9;;MV1.1.1.1.15;;1 Publish;Loc2 Coast;20121201 4;Org1 Company A;2
MV1.1.1.1.16;MV1.1.1.1;16;MST1.1.1.1;Thirteen ;13;;MV1.1.1.1.16;;1 Publish;Loc2 Coast;20130301 1;Org1 Company A;2
MV1.1.1.1.17;MV1.1.1.1;17;MST1.1.1.1;Nineteen ;19;;MV1.1.1.1.17;;1 Publish;Loc2 Coast;20130601 2;Org1 Company A;2
MV1.1.1.1.25;MV1.1.1.1;25;MST1.1.1.1;Three ;3;;MV1.1.1.1.25;;1 Publish;Loc3 Eastern;20120601 2;Org1 Company A;3
MV1.1.1.1.26;MV1.1.1.1;26;MST1.1.1.1;Eight ;8;;MV1.1.1.1.26;;1 Publish;Loc3 Eastern;20120901 3;Org1 Company A;3
MV1.1.1.1.27;MV1.1.1.1;27;MST1.1.1.1;Eight ;8;;MV1.1.1.1.27;;1 Publish;Loc3 Eastern;20121201 4;Org1 Company A;3
MV1.1.1.1.28;MV1.1.1.1;28;MST1.1.1.1;Fifteen ;15;;MV1.1.1.1.28;;1 Publish;Loc3 Eastern;20130301 1;Org1 Company A;3
MV1.1.1.1.29;MV1.1.1.1;29;MST1.1.1.1;Twenty One ;21;;MV1.1.1.1.29;;1 Publish;Loc3 Eastern;20130601 2;Org1 Company A;3
MV1.1.1.1.37;MV1.1.1.1;37;MST1.1.1.1;Three ;3;;MV1.1.1.1.37;;1 Publish;Loc4 Nairobi;20120601 2;Org1 Company A;4
MV1.1.1.1.38;MV1.1.1.1;38;MST1.1.1.1;Eight ;8;;MV1.1.1.1.38;;1 Publish;Loc4 Nairobi;20120901 3;Org1 Company A;4
MV1.1.1.1.39;MV1.1.1.1;39;MST1.1.1.1;Eight ;8;;MV1.1.1.1.39;;1 Publish;Loc4 Nairobi;20121201 4;Org1 Company A;4
MV1.1.1.1.40;MV1.1.1.1;40;MST1.1.1.1;Fifteen ;15;;MV1.1.1.1.40;;1 Publish;Loc4 Nairobi;20130301 1;Org1 Company A;4
MV1.1.1.1.41;MV1.1.1.1;41;MST1.1.1.1;Twenty One ;21;;MV1.1.1.1.41;;1 Publish;Loc4 Nairobi;20130601 2;Org1 Company A;4
MV1.1.1.2.1;MV1.1.1.2;1;MST1.1.1.2;Three ;3;2013-08-23;MV1.1.1.2.1;;1 Publish;Loc4 Nairobi;20100301 1;Org2 Company B;4
MV1.1.1.2.2;MV1.1.1.2;2;MST1.1.1.2;Four ;4;2013-08-23;MV1.1.1.2.2;;1 Publish;Loc4 Nairobi;20100601 2;Org2 Company B;4
MV1.1.1.2.3;MV1.1.1.2;3;MST1.1.1.2;Five ;5;2013-08-23;MV1.1.1.2.3;;1 Publish;Loc4 Nairobi;20100901 3;Org2 Company B;4
MV1.1.1.2.4;MV1.1.1.2;4;MST1.1.1.2;Six ;6;2013-08-23;MV1.1.1.2.4;;1 Publish;Loc4 Nairobi;20101201 4;Org2 Company B;4
MV1.1.1.2.5;MV1.1.1.2;5;MST1.1.1.2;Seven ;7;2013-08-23;MV1.1.1.2.5;;1 Publish;Loc4 Nairobi;20110301 1;Org2 Company B;4
MV1.1.1.2.6;MV1.1.1.2;6;MST1.1.1.2;Eight ;8;2013-08-23;MV1.1.1.2.6;;1 Publish;Loc4 Nairobi;20110601 2;Org2 Company B;4
MV1.1.1.2.7;MV1.1.1.2;7;MST1.1.1.2;Nine ;9;2013-08-23;MV1.1.1.2.7;;1 Publish;Loc4 Nairobi;20110901 3;Org2 Company B;4
MV1.1.1.2.8;MV1.1.1.2;8;MST1.1.1.2;Twelve ;12;2013-08-23;MV1.1.1.2.8;;1 Publish;Loc4 Nairobi;20111201 4;Org2 Company B;4
MV1.1.1.2.9;MV1.1.1.2;9;MST1.1.1.2;Eleven ;11;2013-08-23;MV1.1.1.2.9;;1 Publish;Loc4 Nairobi;20120301 1;Org2 Company B;4
MV1.1.1.2.10;MV1.1.1.2;10;MST1.1.1.2;Twelve ;12;2013-08-23;MV1.1.1.2.10;;1 Publish;Loc4 Nairobi;20120601 2;Org2 Company B;4
MV1.1.1.2.11;MV1.1.1.2;11;MST1.1.1.2;Thirteen ;13;2013-08-23;MV1.1.1.2.11;;1 Publish;Loc4 Nairobi;20120901 3;Org2 Company B;4
MV1.1.1.2.12;MV1.1.1.2;12;MST1.1.1.2;Fourteen ;14;2013-08-23;MV1.1.1.2.12;;1 Publish;Loc4 Nairobi;20121201 4;Org2 Company B;4
MV1.1.1.2.13;MV1.1.1.2;13;MST1.1.1.2;Fifteen ;15;2013-08-23;MV1.1.1.2.13;;1 Publish;Loc4 Nairobi;20130301 1;Org2 Company B;4
MV1.1.1.2.14;MV1.1.1.2;14;MST1.1.1.2;Sixteen ;16;2013-08-23;MV1.1.1.2.14;;1 Publish;Loc4 Nairobi;20130601 2;Org2 Company B;4
MV1.1.1.2.18;MV1.1.1.2;18;MST1.1.1.2;Three ;3;2013-08-23;MV1.1.1.2.18;;1 Publish;Loc5 North Eastern;20100301 1;Org2 Company B;5
MV1.1.1.2.19;MV1.1.1.2;19;MST1.1.1.2;Three ;3;2013-08-23;MV1.1.1.2.19;;1 Publish;Loc5 North Eastern;20100601 2;Org2 Company B;5
MV1.1.1.2.20;MV1.1.1.2;20;MST1.1.1.2;Six ;6;2013-08-23;MV1.1.1.2.20;;1 Publish;Loc5 North Eastern;20100901 3;Org2 Company B;5
MV1.1.1.2.21;MV1.1.1.2;21;MST1.1.1.2;Six ;6;2013-08-23;MV1.1.1.2.21;;1 Publish;Loc5 North Eastern;20101201 4;Org2 Company B;5
MV1.1.1.2.22;MV1.1.1.2;22;MST1.1.1.2;Eight ;8;2013-08-23;MV1.1.1.2.22;;1 Publish;Loc5 North Eastern;20110301 1;Org2 Company B;5
MV1.1.1.2.23;MV1.1.1.2;23;MST1.1.1.2;Eight ;8;2013-08-23;MV1.1.1.2.23;;1 Publish;Loc5 North Eastern;20110601 2;Org2 Company B;5
MV1.1.1.2.24;MV1.1.1.2;24;MST1.1.1.2;Ten ;10;2013-08-23;MV1.1.1.2.24;;1 Publish;Loc5 North Eastern;20110901 3;Org2 Company B;5
MV1.1.1.2.25;MV1.1.1.2;25;MST1.1.1.2;Eleven ;11;2013-08-23;MV1.1.1.2.25;;1 Publish;Loc5 North Eastern;20111201 4;Org2 Company B;5
MV1.1.1.2.27;MV1.1.1.2;27;MST1.1.1.2;Eleven ;11;2013-08-23;MV1.1.1.2.27;;1 Publish;Loc5 North Eastern;20120601 2;Org2 Company B;5
MV1.1.1.2.28;MV1.1.1.2;28;MST1.1.1.2;Twelve ;12;2013-08-23;MV1.1.1.2.28;;1 Publish;Loc5 North Eastern;20120901 3;Org2 Company B;5
MV1.1.1.2.29;MV1.1.1.2;29;MST1.1.1.2;Twelve ;12;2013-08-23;MV1.1.1.2.29;;1 Publish;Loc5 North Eastern;20121201 4;Org2 Company B;5
MV1.1.1.2.30;MV1.1.1.2;30;MST1.1.1.2;Twelve ;12;2013-08-23;MV1.1.1.2.30;;1 Publish;Loc5 North Eastern;20130301 1;Org2 Company B;5
MV1.1.1.2.31;MV1.1.1.2;31;MST1.1.1.2;Thirteen ;13;2013-08-23;MV1.1.1.2.31;;1 Publish;Loc5 North Eastern;20130601 2;Org2 Company B;5
MV1.1.1.2.35;MV1.1.1.2;35;MST1.1.1.2;Three ;3;2013-08-23;MV1.1.1.2.35;;1 Publish;Loc6 Nyanza;20100301 1;Org2 Company B;6
MV1.1.1.2.36;MV1.1.1.2;36;MST1.1.1.2;Four ;4;2013-08-23;MV1.1.1.2.36;;1 Publish;Loc6 Nyanza;20100601 2;Org2 Company B;6
MV1.1.1.2.37;MV1.1.1.2;37;MST1.1.1.2;Five ;5;2013-08-23;MV1.1.1.2.37;;1 Publish;Loc6 Nyanza;20100901 3;Org2 Company B;6
MV1.1.1.2.38;MV1.1.1.2;38;MST1.1.1.2;Six ;6;2013-08-23;MV1.1.1.2.38;;1 Publish;Loc6 Nyanza;20101201 4;Org2 Company B;6
MV1.1.1.2.39;MV1.1.1.2;39;MST1.1.1.2;Seven ;7;2013-08-23;MV1.1.1.2.39;;1 Publish;Loc6 Nyanza;20110301 1;Org2 Company B;6
MV1.1.1.2.40;MV1.1.1.2;40;MST1.1.1.2;Eight ;8;2013-08-23;MV1.1.1.2.40;;1 Publish;Loc6 Nyanza;20110601 2;Org2 Company B;6
MV1.1.1.2.41;MV1.1.1.2;41;MST1.1.1.2;Nine ;9;2013-08-23;MV1.1.1.2.41;;1 Publish;Loc6 Nyanza;20110901 3;Org2 Company B;6
MV1.1.1.2.42;MV1.1.1.2;42;MST1.1.1.2;Ten ;10;2013-08-23;MV1.1.1.2.42;;1 Publish;Loc6 Nyanza;20111201 4;Org2 Company B;6
MV1.1.1.2.43;MV1.1.1.2;43;MST1.1.1.2;Eleven ;11;2013-08-23;MV1.1.1.2.43;;1 Publish;Loc6 Nyanza;20120301 1;Org2 Company B;6
MV1.1.1.2.44;MV1.1.1.2;44;MST1.1.1.2;Eleven ;11;2013-08-23;MV1.1.1.2.44;;1 Publish;Loc6 Nyanza;20120601 2;Org2 Company B;6
MV1.1.1.2.45;MV1.1.1.2;45;MST1.1.1.2;Twelve ;12;2013-08-23;MV1.1.1.2.45;;1 Publish;Loc6 Nyanza;20120901 3;Org2 Company B;6
MV1.1.1.2.46;MV1.1.1.2;46;MST1.1.1.2;Thirteen ;13;2013-08-23;MV1.1.1.2.46;;1 Publish;Loc6 Nyanza;20121201 4;Org2 Company B;6
MV1.1.1.2.47;MV1.1.1.2;47;MST1.1.1.2;Fourteen ;14;2013-08-23;MV1.1.1.2.47;;1 Publish;Loc6 Nyanza;20130301 1;Org2 Company B;6
MV1.1.1.2.48;MV1.1.1.2;48;MST1.1.1.2;Fifteen ;15;2013-08-23;MV1.1.1.2.48;;1 Publish;Loc6 Nyanza;20130601 2;Org2 Company B;6
MV1.1.1.2.52;MV1.1.1.2;52;MST1.1.1.2;Three ;3;2013-08-23;MV1.1.1.2.52;;1 Publish;Loc7 Rift Valley;20100301 1;Org1 Company A;7
MV1.1.1.2.53;MV1.1.1.2;53;MST1.1.1.2;Five ;5;2013-08-23;MV1.1.1.2.53;;1 Publish;Loc7 Rift Valley;20100601 2;Org1 Company A;7
MV1.1.1.2.55;MV1.1.1.2;55;MST1.1.1.2;Seven ;7;2013-08-23;MV1.1.1.2.55;;1 Publish;Loc7 Rift Valley;20101201 4;Org1 Company A;7
MV1.1.1.2.56;MV1.1.1.2;56;MST1.1.1.2;Nine ;9;2013-08-23;MV1.1.1.2.56;;1 Publish;Loc7 Rift Valley;20110301 1;Org1 Company A;7
MV1.1.1.2.58;MV1.1.1.2;58;MST1.1.1.2;Ten ;10;2013-08-23;MV1.1.1.2.58;;1 Publish;Loc7 Rift Valley;20110901 3;Org1 Company A;7
MV1.1.1.2.61;MV1.1.1.2;61;MST1.1.1.2;Twelve ;12;2013-08-23;MV1.1.1.2.61;;1 Publish;Loc7 Rift Valley;20120601 2;Org1 Company A;7
MV1.1.1.2.62;MV1.1.1.2;62;MST1.1.1.2;Fifteen ;15;2013-08-23;MV1.1.1.2.62;;1 Publish;Loc7 Rift Valley;20120901 3;Org1 Company A;7
MV1.1.1.2.63;MV1.1.1.2;63;MST1.1.1.2;Seventeen ;17;2013-08-23;MV1.1.1.2.63;;1 Publish;Loc7 Rift Valley;20121201 4;Org1 Company A;7
MV1.1.1.2.65;MV1.1.1.2;65;MST1.1.1.2;Seventeen ;17;2013-08-23;MV1.1.1.2.65;;1 Publish;Loc7 Rift Valley;20130601 2;Org1 Company A;7
MV1.1.3.1.1;MV1.1.3.1;1;MST1.1.3.1;Zero;0;2013-08-23;MV1.1.3.1.1;;1 Publish;Loc7 Rift Valley;20110301 1;Org2 Company B;7
MV1.1.3.1.2;MV1.1.3.1;2;MST1.1.3.1;Three ;3;2013-08-23;MV1.1.3.1.2;;1 Publish;Loc7 Rift Valley;20110601 2;Org2 Company B;7
MV1.1.3.1.4;MV1.1.3.1;4;MST1.1.3.1;Four ;4;2013-08-23;MV1.1.3.1.4;;1 Publish;Loc7 Rift Valley;20111201 4;Org2 Company B;7
MV1.1.3.1.13;MV1.1.3.1;13;MST1.1.3.1;One;1;2013-08-23;MV1.1.3.1.13;;1 Publish;Loc8 Western;20110301 1;Org2 Company B;8
MV1.1.3.1.14;MV1.1.3.1;14;MST1.1.3.1;Two ;2;2013-08-23;MV1.1.3.1.14;;1 Publish;Loc8 Western;20110601 2;Org2 Company B;8
MV1.1.3.1.15;MV1.1.3.1;15;MST1.1.3.1;Three ;3;2013-08-23;MV1.1.3.1.15;;1 Publish;Loc8 Western;20110901 3;Org2 Company B;8
MV1.1.3.1.16;MV1.1.3.1;16;MST1.1.3.1;Four ;4;2013-08-23;MV1.1.3.1.16;;1 Publish;Loc8 Western;20111201 4;Org2 Company B;8
MV1.1.3.1.25;MV1.1.3.1;25;MST1.1.3.1;One;1;2013-08-23;MV1.1.3.1.25;;1 Publish;Loc5 North Eastern;20110301 1;Org1 Company A;5
MV1.1.3.1.26;MV1.1.3.1;26;MST1.1.3.1;Two ;2;2013-08-23;MV1.1.3.1.26;;1 Publish;Loc5 North Eastern;20110601 2;Org1 Company A;5
MV1.1.3.1.27;MV1.1.3.1;27;MST1.1.3.1;One;1;2013-08-23;MV1.1.3.1.27;;1 Publish;Loc5 North Eastern;20110901 3;Org1 Company A;5
MV1.1.3.1.28;MV1.1.3.1;28;MST1.1.3.1;Three ;3;2013-08-23;MV1.1.3.1.28;;1 Publish;Loc5 North Eastern;20111201 4;Org1 Company A;5
MV1.1.3.1.37;MV1.1.3.1;37;MST1.1.3.1;Zero;0;2013-08-23;MV1.1.3.1.37;;1 Publish;Loc6 Nyanza;20110301 1;Org2 Company B;6
MV1.1.3.1.38;MV1.1.3.1;38;MST1.1.3.1;Three ;3;2013-08-23;MV1.1.3.1.38;;1 Publish;Loc6 Nyanza;20110601 2;Org2 Company B;6
MV1.1.3.1.40;MV1.1.3.1;40;MST1.1.3.1;Five ;5;2013-08-23;MV1.1.3.1.40;;1 Publish;Loc6 Nyanza;20111201 4;Org2 Company B;6
MV1.1.3.2.5;MV1.1.3.2;5;MST1.1.3.2;Six ;6;2013-08-23;MV1.1.3.2.5;;1 Publish;Loc7 Rift Valley;20120301 1;Org2 Company B;7
MV1.1.3.2.6;MV1.1.3.2;6;MST1.1.3.2;Eight ;8;2013-08-23;MV1.1.3.2.6;;1 Publish;Loc7 Rift Valley;20120601 2;Org2 Company B;7
MV1.1.3.2.7;MV1.1.3.2;7;MST1.1.3.2;Nine ;9;2013-08-23;MV1.1.3.2.7;;1 Publish;Loc7 Rift Valley;20120901 3;Org2 Company B;7
MV1.1.3.2.8;MV1.1.3.2;8;MST1.1.3.2;Ten ;10;2013-08-23;MV1.1.3.2.8;;1 Publish;Loc7 Rift Valley;20121201 4;Org2 Company B;7
MV1.1.3.2.17;MV1.1.3.2;17;MST1.1.3.2;Five ;5;2013-08-23;MV1.1.3.2.17;;1 Publish;Loc8 Western;20120301 1;Org2 Company B;8
MV1.1.3.2.18;MV1.1.3.2;18;MST1.1.3.2;Seven ;7;2013-08-23;MV1.1.3.2.18;;1 Publish;Loc8 Western;20120601 2;Org2 Company B;8
MV1.1.3.2.19;MV1.1.3.2;19;MST1.1.3.2;Eight ;8;2013-08-23;MV1.1.3.2.19;;1 Publish;Loc8 Western;20120901 3;Org2 Company B;8
MV1.1.3.2.20;MV1.1.3.2;20;MST1.1.3.2;Eleven ;11;2013-08-23;MV1.1.3.2.20;;1 Publish;Loc8 Western;20121201 4;Org2 Company B;8
MV1.1.3.2.29;MV1.1.3.2;29;MST1.1.3.2;Seven ;7;2013-08-23;MV1.1.3.2.29;;1 Publish;Loc5 North Eastern;20120301 1;Org1 Company A;5
MV1.1.3.2.30;MV1.1.3.2;30;MST1.1.3.2;Seven ;7;2013-08-23;MV1.1.3.2.30;;1 Publish;Loc5 North Eastern;20120601 2;Org1 Company A;5
MV1.1.3.2.31;MV1.1.3.2;31;MST1.1.3.2;Ten ;10;2013-08-23;MV1.1.3.2.31;;1 Publish;Loc5 North Eastern;20120901 3;Org1 Company A;5
MV1.1.3.2.32;MV1.1.3.2;32;MST1.1.3.2;Nine ;9;2013-08-23;MV1.1.3.2.32;;1 Publish;Loc5 North Eastern;20121201 4;Org1 Company A;5
MV1.1.3.2.41;MV1.1.3.2;41;MST1.1.3.2;Five ;5;2013-08-23;MV1.1.3.2.41;;1 Publish;Loc6 Nyanza;20120301 1;Org2 Company B;6
MV1.1.3.2.42;MV1.1.3.2;42;MST1.1.3.2;Eight ;8;2013-08-23;MV1.1.3.2.42;;1 Publish;Loc6 Nyanza;20120601 2;Org2 Company B;6
MV1.1.3.2.43;MV1.1.3.2;43;MST1.1.3.2;Seven ;7;2013-08-23;MV1.1.3.2.43;;1 Publish;Loc6 Nyanza;20120901 3;Org2 Company B;6
MV1.1.3.2.44;MV1.1.3.2;44;MST1.1.3.2;Twelve ;12;2013-08-23;MV1.1.3.2.44;;1 Publish;Loc6 Nyanza;20121201 4;Org2 Company B;6
MV1.1.3.3.9;MV1.1.3.3;9;MST1.1.3.3;Eleven ;11;2013-08-23;MV1.1.3.3.9;;1 Publish;Loc7 Rift Valley;20130301 1;Org2 Company B;7
MV1.1.3.3.10;MV1.1.3.3;10;MST1.1.3.3;Thirteen ;13;2013-08-23;MV1.1.3.3.10;;1 Publish;Loc7 Rift Valley;20130601 2;Org2 Company B;7
MV1.1.3.3.21;MV1.1.3.3;21;MST1.1.3.3;Fourteen ;14;2013-08-23;MV1.1.3.3.21;;1 Publish;Loc8 Western;20130301 1;Org2 Company B;8
MV1.1.3.3.22;MV1.1.3.3;22;MST1.1.3.3;Seventeen ;17;2013-08-23;MV1.1.3.3.22;;1 Publish;Loc8 Western;20130601 2;Org2 Company B;8
MV1.1.3.3.33;MV1.1.3.3;33;MST1.1.3.3;Twelve ;12;2013-08-23;MV1.1.3.3.33;;1 Publish;Loc5 North Eastern;20130301 1;Org1 Company A;5
MV1.1.3.3.34;MV1.1.3.3;34;MST1.1.3.3;Twelve ;12;2013-08-23;MV1.1.3.3.34;;1 Publish;Loc5 North Eastern;20130601 2;Org1 Company A;5
MV1.1.3.3.45;MV1.1.3.3;45;MST1.1.3.3;Thirteen ;13;2013-08-23;MV1.1.3.3.45;;1 Publish;Loc6 Nyanza;20130301 1;Org2 Company B;6
MV1.1.3.3.46;MV1.1.3.3;46;MST1.1.3.3;Eighteen ;18;2013-08-23;MV1.1.3.3.46;;1 Publish;Loc6 Nyanza;20130601 2;Org2 Company B;6
MV1.2.1.1.1;MV1.2.1.1;1;MST1.2.1.1;One;1;2013-08-23;MV1.2.1.1.1;;1 Publish;Loc2 Coast;20130301 1;Org1 Company A;2
MV1.2.1.1.2;MV1.2.1.1;2;MST1.2.1.1;Two ;2;2013-08-23;MV1.2.1.1.2;;1 Publish;Loc2 Coast;20130601 2;Org1 Company A;2
MV1.2.1.1.25;MV1.2.1.1;25;MST1.2.1.1;Two;2;2013-08-23;MV1.2.1.1.25;;1 Publish;Loc1 Central;20130301 1;Org1 Company A;1
MV1.2.1.1.26;MV1.2.1.1;26;MST1.2.1.1;Three ;3;2013-08-23;MV1.2.1.1.26;;1 Publish;Loc1 Central;20130601 2;Org1 Company A;1
MV1.2.1.1.49;MV1.2.1.1;49;MST1.2.1.1;Three ;3;2013-08-23;MV1.2.1.1.49;;1 Publish;Loc3 Eastern;20130301 1;Org2 Company B;3
MV1.2.1.1.50;MV1.2.1.1;50;MST1.2.1.1;Five ;5;2013-08-23;MV1.2.1.1.50;;1 Publish;Loc3 Eastern;20130601 2;Org2 Company B;3
MV1.2.1.1.73;MV1.2.1.1;73;MST1.2.1.1;Two;2;2013-08-23;MV1.2.1.1.73;;1 Publish;Loc4 Nairobi;20130301 1;Org1 Company A;4
MV1.2.1.1.74;MV1.2.1.1;74;MST1.2.1.1;Five ;5;2013-08-23;MV1.2.1.1.74;;1 Publish;Loc4 Nairobi;20130601 2;Org1 Company A;4
MV1.2.1.1.75;MV1.2.1.1;75;MST1.2.1.1;Seven ;7;2013-08-23;MV1.2.1.1.75;;1 Publish;Loc4 Nairobi;20130901 3;Org1 Company A;4
MV1.2.2.1.9;MV1.2.2.1;9;MST1.2.2.1;Zero;0;2013-08-23;MV1.2.2.1.9;;1 Publish;Loc2 Coast;20130301 1;Org1 Company A;2
MV1.2.2.1.10;MV1.2.2.1;10;MST1.2.2.1;One;1;2013-08-23;MV1.2.2.1.10;;1 Publish;Loc2 Coast;20130601 2;Org1 Company A;2
MV1.2.2.1.33;MV1.2.2.1;33;MST1.2.2.1;Two;2;2013-08-23;MV1.2.2.1.33;;1 Publish;Loc1 Central;20130301 1;Org1 Company A;1
MV1.2.2.1.34;MV1.2.2.1;34;MST1.2.2.1;One;4;2013-08-23;MV1.2.2.1.34;;1 Publish;Loc1 Central;20130601 2;Org1 Company A;1
MV1.2.2.1.57;MV1.2.2.1;57;MST1.2.2.1;Two;2;2013-08-23;MV1.2.2.1.57;;1 Publish;Loc3 Eastern;20130301 1;Org2 Company B;3
MV1.2.2.1.58;MV1.2.2.1;58;MST1.2.2.1;Two ;2;2013-08-23;MV1.2.2.1.58;;1 Publish;Loc3 Eastern;20130601 2;Org2 Company B;3
MV1.2.2.1.81;MV1.2.2.1;81;MST1.2.2.1;Three ;3;2013-08-23;MV1.2.2.1.81;;1 Publish;Loc4 Nairobi;20130301 1;Org1 Company A;4
MV1.2.2.1.82;MV1.2.2.1;82;MST1.2.2.1;Six;6;2013-08-23;MV1.2.2.1.82;;1 Publish;Loc4 Nairobi;20130601 2;Org1 Company A;4
MV1.2.2.1.83;MV1.2.2.1;83;MST1.2.2.1;Nine ;9;2013-08-23;MV1.2.2.1.83;;1 Publish;Loc4 Nairobi;20130901 3;Org1 Company A;4
MV1.2.3.1.17;MV1.2.3.1;17;MST1.2.3.1;Sixty  Thousand  ;60000;2013-08-23;MV1.2.3.1.17;;1 Publish;Loc2 Coast;20130301 1;Org1 Company A;2
MV1.2.3.1.18;MV1.2.3.1;18;MST1.2.3.1;Seventy  Thousand  ;70000;2013-08-23;MV1.2.3.1.18;;1 Publish;Loc2 Coast;20130601 2;Org1 Company A;2
MV1.2.3.1.41;MV1.2.3.1;41;MST1.2.3.1;Sixty Nine Thousand Five Hundred Twenty Five ;69525;2013-08-23;MV1.2.3.1.41;;1 Publish;Loc1 Central;20130301 1;Org1 Company A;1
MV1.2.3.1.42;MV1.2.3.1;42;MST1.2.3.1;Eighty Nine Thousand One Hundred Twenty Five ;89125;2013-08-23;MV1.2.3.1.42;;1 Publish;Loc1 Central;20130601 2;Org1 Company A;1
MV1.2.3.1.65;MV1.2.3.1;65;MST1.2.3.1;Sixty One Thousand  ;61000;2013-08-23;MV1.2.3.1.65;;1 Publish;Loc3 Eastern;20130301 1;Org2 Company B;3
MV1.2.3.1.66;MV1.2.3.1;66;MST1.2.3.1;Sixty Two Thousand  ;62000;2013-08-23;MV1.2.3.1.66;;1 Publish;Loc3 Eastern;20130601 2;Org2 Company B;3
MV1.2.3.1.89;MV1.2.3.1;89;MST1.2.3.1;Sixty Five Thousand Two Hundred  ;65200;2013-08-23;MV1.2.3.1.89;;1 Publish;Loc4 Nairobi;20130301 1;Org1 Company A;4
MV1.2.3.1.90;MV1.2.3.1;90;MST1.2.3.1;Sixty Eight Thousand Five Hundred  ;68500;2013-08-23;MV1.2.3.1.90;;1 Publish;Loc4 Nairobi;20130601 2;Org1 Company A;4
MV1.2.3.1.91;MV1.2.3.1;91;MST1.2.3.1;Seventy One Thousand Two Hundred Fifty  ;71250;2013-08-23;MV1.2.3.1.91;;1 Publish;Loc4 Nairobi;20130901 3;Org1 Company A;4
MV1.3.4.1.1;MV1.3.4.1;1;MST1.3.4.1;Eight Thousand  ;8000;2013-08-23;MV1.3.4.1.1;;1 Publish;Loc5 North Eastern;20120301 1;Org2 Company B;5
MV1.3.4.1.2;MV1.3.4.1;2;MST1.3.4.1;Thirteen Thousand Seven Hundred Fifty  ;13750;2013-08-23;MV1.3.4.1.2;;1 Publish;Loc5 North Eastern;20120601 2;Org2 Company B;5
MV1.3.4.1.3;MV1.3.4.1;3;MST1.3.4.1;Eighteen Thousand Five Hundred Fifty  ;18550;2013-08-23;MV1.3.4.1.3;;1 Publish;Loc5 North Eastern;20120901 3;Org2 Company B;5
MV1.3.4.1.4;MV1.3.4.1;4;MST1.3.4.1;Twenty One Thousand  ;21000;2013-08-23;MV1.3.4.1.4;;1 Publish;Loc5 North Eastern;20121201 4;Org2 Company B;5
MV1.3.4.1.5;MV1.3.4.1;5;MST1.3.4.1;Twenty Six Thousand Seven Hundred  ;26700;2013-08-23;MV1.3.4.1.5;;1 Publish;Loc5 North Eastern;20130301 1;Org2 Company B;5
MV1.3.4.1.6;MV1.3.4.1;6;MST1.3.4.1;Twenty Nine Thousand Nine Hundred Fifty  ;29950;2013-08-23;MV1.3.4.1.6;;1 Publish;Loc5 North Eastern;20130601 2;Org2 Company B;5
MV1.3.4.1.17;MV1.3.4.1;17;MST1.3.4.1;Nine Thousand Nine Hundred Fifty  ;9950;2013-08-23;MV1.3.4.1.17;;1 Publish;Loc4 Nairobi;20120301 1;Org1 Company A;4
MV1.3.4.1.18;MV1.3.4.1;18;MST1.3.4.1;Fifteen Thousand  ;15000;2013-08-23;MV1.3.4.1.18;;1 Publish;Loc4 Nairobi;20120601 2;Org1 Company A;4
MV1.3.4.1.19;MV1.3.4.1;19;MST1.3.4.1;Twenty  Thousand Five Hundred  ;20500;2013-08-23;MV1.3.4.1.19;;1 Publish;Loc4 Nairobi;20120901 3;Org1 Company A;4
MV1.3.4.1.20;MV1.3.4.1;20;MST1.3.4.1;Twenty Three Thousand Four Hundred  ;23400;2013-08-23;MV1.3.4.1.20;;1 Publish;Loc4 Nairobi;20121201 4;Org1 Company A;4
MV1.3.4.1.21;MV1.3.4.1;21;MST1.3.4.1;Twenty Seven Thousand Six Hundred  ;27600;2013-08-23;MV1.3.4.1.21;;1 Publish;Loc4 Nairobi;20130301 1;Org1 Company A;4
MV1.3.4.1.22;MV1.3.4.1;22;MST1.3.4.1;Thirty Two Thousand Nine Hundred Eighty  ;32980;2013-08-23;MV1.3.4.1.22;;1 Publish;Loc4 Nairobi;20130601 2;Org1 Company A;4
MV1.3.4.1.49;MV1.3.4.1;49;MST1.3.4.1;Eight Thousand  ;8000;2013-08-23;MV1.3.4.1.49;;1 Publish;Loc7 Rift Valley;20120301 1;Org2 Company B;7
MV1.3.4.1.50;MV1.3.4.1;50;MST1.3.4.1;Thirteen Thousand Seven Hundred Fifty  ;13750;2013-08-23;MV1.3.4.1.50;;1 Publish;Loc7 Rift Valley;20120601 2;Org2 Company B;7
MV1.3.4.1.51;MV1.3.4.1;51;MST1.3.4.1;Eighteen Thousand Five Hundred Fifty  ;18550;2013-08-23;MV1.3.4.1.51;;1 Publish;Loc7 Rift Valley;20120901 3;Org2 Company B;7
MV1.3.4.1.53;MV1.3.4.1;53;MST1.3.4.1;Twenty Six Thousand Seven Hundred  ;26700;2013-08-23;MV1.3.4.1.53;;1 Publish;Loc7 Rift Valley;20130301 1;Org2 Company B;7
MV1.3.4.1.54;MV1.3.4.1;54;MST1.3.4.1;Twenty Nine Thousand Nine Hundred Fifty  ;29950;2013-08-23;MV1.3.4.1.54;;1 Publish;Loc7 Rift Valley;20130601 2;Org2 Company B;7
MV1.4.5.1.9;MV1.4.5.1;9;MST1.4.5.1;Five ;5;2013-08-23;MV1.4.5.1.9;;1 Publish;Loc5 North Eastern;20120301 1;Org2 Company B;5
MV1.4.5.1.28;MV1.4.5.1;28;MST1.4.5.1;Seventeen ;17;2013-08-23;MV1.4.5.1.28;;1 Publish;Loc4 Nairobi;20121201 4;Org1 Company A;4
MV1.4.5.1.5;MV1.4.5.1;45;MST1.4.5.1;Seventeen ;10;2013-08-22;MV1.4.5.1.5;;1 Publish;Loc5 North Eastern;20130301 1;Org2 Company B;5
MV1.4.5.1.6;MV1.4.5.1;46;MST1.4.5.1;Nineteen ;13;2013-08-22;MV1.4.5.1.6;;1 Publish;Loc5 North Eastern;20130601 2;Org2 Company B;5
MV1.4.5.1.57;MV1.4.5.1;57;MST1.4.5.1;Five ;5;2013-08-23;MV1.4.5.1.57;;1 Publish;Loc7 Rift Valley;20120301 1;Org2 Company B;7
MV1.4.5.1.62;MV1.4.5.1;62;MST1.4.5.1;Nineteen ;19;2013-08-23;MV1.4.5.1.62;;1 Publish;Loc7 Rift Valley;20130601 2;Org2 Company B;7
MV2.1.1.1.1;MV2.1.1.1;1;MST2.1.1.1;Four ;4;2013-08-23;MV2.1.1.1.1;;1 Publish;Loc6 Nyanza;20120301 1;Org1 Company A;6
MV2.1.1.1.2;MV2.1.1.1;2;MST2.1.1.1;Eight ;8;2013-08-23;MV2.1.1.1.2;;1 Publish;Loc6 Nyanza;20120601 2;Org1 Company A;6
MV2.1.1.1.3;MV2.1.1.1;3;MST2.1.1.1;Fifteen ;15;2013-08-23;MV2.1.1.1.3;;1 Publish;Loc6 Nyanza;20120901 3;Org1 Company A;6
MV2.1.1.1.4;MV2.1.1.1;4;MST2.1.1.1;Nineteen ;19;2013-08-23;MV2.1.1.1.4;;1 Publish;Loc6 Nyanza;20121201 4;Org1 Company A;6
MV2.1.1.1.5;MV2.1.1.1;5;MST2.1.1.1;Twenty Two ;22;2013-08-23;MV2.1.1.1.5;;1 Publish;Loc6 Nyanza;20130301 1;Org1 Company A;6
MV2.1.1.1.6;MV2.1.1.1;6;MST2.1.1.1;Twenty Six ;26;2013-08-23;MV2.1.1.1.6;;1 Publish;Loc6 Nyanza;20130601 2;Org1 Company A;6
MV2.1.1.1.13;MV2.1.1.1;13;MST2.1.1.1;Six ;6;2013-08-23;MV2.1.1.1.13;;1 Publish;Loc2 Coast;20120301 1;Org1 Company A;2
MV2.1.1.1.14;MV2.1.1.1;14;MST2.1.1.1;Eleven ;11;2013-08-23;MV2.1.1.1.14;;1 Publish;Loc2 Coast;20120601 2;Org1 Company A;2
MV2.1.1.1.15;MV2.1.1.1;15;MST2.1.1.1;Nineteen ;19;2013-08-23;MV2.1.1.1.15;;1 Publish;Loc2 Coast;20120901 3;Org1 Company A;2
MV2.1.1.1.16;MV2.1.1.1;16;MST2.1.1.1;Twenty Four ;24;2013-08-23;MV2.1.1.1.16;;1 Publish;Loc2 Coast;20121201 4;Org1 Company A;2
MV2.1.1.1.17;MV2.1.1.1;17;MST2.1.1.1;Twenty Eight ;28;2013-08-23;MV2.1.1.1.17;;1 Publish;Loc2 Coast;20130301 1;Org1 Company A;2
MV2.1.1.1.18;MV2.1.1.1;18;MST2.1.1.1;Thirty Three ;33;2013-08-23;MV2.1.1.1.18;;1 Publish;Loc2 Coast;20130601 2;Org1 Company A;2
MV2.1.1.1.25;MV2.1.1.1;25;MST2.1.1.1;Five ;5;2013-08-23;MV2.1.1.1.25;;1 Publish;Loc4 Nairobi;20120301 1;Org2 Company B;4
MV2.1.1.1.26;MV2.1.1.1;26;MST2.1.1.1;Six ;6;2013-08-23;MV2.1.1.1.26;;1 Publish;Loc4 Nairobi;20120601 2;Org2 Company B;4
MV2.1.1.1.27;MV2.1.1.1;27;MST2.1.1.1;Seven ;7;2013-08-23;MV2.1.1.1.27;;1 Publish;Loc4 Nairobi;20120901 3;Org2 Company B;4
MV2.1.1.1.28;MV2.1.1.1;28;MST2.1.1.1;Eight ;8;2013-08-23;MV2.1.1.1.28;;1 Publish;Loc4 Nairobi;20121201 4;Org2 Company B;4
MV2.1.1.1.29;MV2.1.1.1;29;MST2.1.1.1;Nine ;9;2013-08-23;MV2.1.1.1.29;;1 Publish;Loc4 Nairobi;20130301 1;Org2 Company B;4
MV2.1.1.1.30;MV2.1.1.1;30;MST2.1.1.1;Eleven ;11;2013-08-23;MV2.1.1.1.30;;1 Publish;Loc4 Nairobi;20130601 2;Org2 Company B;4
MV2.1.1.1.37;MV2.1.1.1;37;MST2.1.1.1;Four ;4;2013-08-23;MV2.1.1.1.37;;1 Publish;Loc8 Western;20120301 1;Org1 Company A;8
MV2.1.1.1.38;MV2.1.1.1;38;MST2.1.1.1;Seven ;7;2013-08-23;MV2.1.1.1.38;;1 Publish;Loc8 Western;20120601 2;Org1 Company A;8
MV2.1.1.1.39;MV2.1.1.1;39;MST2.1.1.1;Sixteen ;16;2013-08-23;MV2.1.1.1.39;;1 Publish;Loc8 Western;20120901 3;Org1 Company A;8
MV2.1.1.1.40;MV2.1.1.1;40;MST2.1.1.1;Eighteen ;18;2013-08-23;MV2.1.1.1.40;;1 Publish;Loc8 Western;20121201 4;Org1 Company A;8
MV2.1.1.1.41;MV2.1.1.1;41;MST2.1.1.1;Twenty Three ;23;2013-08-23;MV2.1.1.1.41;;1 Publish;Loc8 Western;20130301 1;Org1 Company A;8
MV2.1.1.1.42;MV2.1.1.1;42;MST2.1.1.1;Twenty Five ;25;2013-08-23;MV2.1.1.1.42;;1 Publish;Loc8 Western;20130601 2;Org1 Company A;8
MV2.2.2.1.1;MV2.2.2.1;1;MST2.2.2.1;Ten ;10;2013-08-23;MV2.2.2.1.1;;1 Publish;Loc1 Central;20120301 1;Org1 Company A;1
MV2.2.2.1.2;MV2.2.2.1;2;MST2.2.2.1;Eighteen ;18;2013-08-23;MV2.2.2.1.2;;1 Publish;Loc1 Central;20120601 2;Org1 Company A;1
MV2.2.2.1.3;MV2.2.2.1;3;MST2.2.2.1;Twenty Six ;26;2013-08-23;MV2.2.2.1.3;;1 Publish;Loc1 Central;20120901 3;Org1 Company A;1
MV2.2.2.1.4;MV2.2.2.1;4;MST2.2.2.1;Thirty Four ;34;2013-08-23;MV2.2.2.1.4;;1 Publish;Loc1 Central;20121201 4;Org1 Company A;1
MV2.2.2.1.5;MV2.2.2.1;5;MST2.2.2.1;Forty Two ;42;2013-08-23;MV2.2.2.1.5;;1 Publish;Loc1 Central;20130301 1;Org1 Company A;1
MV2.2.2.1.6;MV2.2.2.1;6;MST2.2.2.1;Fifty  ;50;2013-08-23;MV2.2.2.1.6;;1 Publish;Loc1 Central;20130601 2;Org1 Company A;1
MV2.2.2.1.13;MV2.2.2.1;13;MST2.2.2.1;Ten ;10;2013-08-23;MV2.2.2.1.13;;1 Publish;Loc3 Eastern;20120301 1;Org2 Company B;3
MV2.2.2.1.14;MV2.2.2.1;14;MST2.2.2.1;Twelve ;12;2013-08-23;MV2.2.2.1.14;;1 Publish;Loc3 Eastern;20120601 2;Org2 Company B;3
MV2.2.2.1.15;MV2.2.2.1;15;MST2.2.2.1;Fourteen ;14;2013-08-23;MV2.2.2.1.15;;1 Publish;Loc3 Eastern;20120901 3;Org2 Company B;3
MV2.2.2.1.16;MV2.2.2.1;16;MST2.2.2.1;Sixteen ;16;2013-08-23;MV2.2.2.1.16;;1 Publish;Loc3 Eastern;20121201 4;Org2 Company B;3
MV2.2.2.1.17;MV2.2.2.1;17;MST2.2.2.1;Eighteen ;18;2013-08-23;MV2.2.2.1.17;;1 Publish;Loc3 Eastern;20130301 1;Org2 Company B;3
MV2.2.2.1.18;MV2.2.2.1;18;MST2.2.2.1;Twenty  ;20;2013-08-23;MV2.2.2.1.18;;1 Publish;Loc3 Eastern;20130601 2;Org2 Company B;3
MV2.2.2.1.25;MV2.2.2.1;25;MST2.2.2.1;Eleven ;11;2013-08-23;MV2.2.2.1.25;;1 Publish;Loc5 North Eastern;20120301 1;Org1 Company A;5
MV2.2.2.1.26;MV2.2.2.1;26;MST2.2.2.1;Twenty  ;20;2013-08-23;MV2.2.2.1.26;;1 Publish;Loc5 North Eastern;20120601 2;Org1 Company A;5
MV2.2.2.1.27;MV2.2.2.1;27;MST2.2.2.1;Thirty Two ;32;2013-08-23;MV2.2.2.1.27;;1 Publish;Loc5 North Eastern;20120901 3;Org1 Company A;5
MV2.2.2.1.28;MV2.2.2.1;28;MST2.2.2.1;Forty One ;41;2013-08-23;MV2.2.2.1.28;;1 Publish;Loc5 North Eastern;20121201 4;Org1 Company A;5
MV2.2.2.1.29;MV2.2.2.1;29;MST2.2.2.1;Fifty Five ;55;2013-08-23;MV2.2.2.1.29;;1 Publish;Loc5 North Eastern;20130301 1;Org1 Company A;5
MV2.2.2.1.30;MV2.2.2.1;30;MST2.2.2.1;Sixty Three ;63;2013-08-23;MV2.2.2.1.30;;1 Publish;Loc5 North Eastern;20130601 2;Org1 Company A;5
MV2.2.2.1.37;MV2.2.2.1;37;MST2.2.2.1;Ten ;10;2013-08-23;MV2.2.2.1.37;;1 Publish;Loc7 Rift Valley;20120301 1;Org1 Company A;7
MV2.2.2.1.38;MV2.2.2.1;38;MST2.2.2.1;Seventeen ;17;2013-08-23;MV2.2.2.1.38;;1 Publish;Loc7 Rift Valley;20120601 2;Org1 Company A;7
MV2.2.2.1.39;MV2.2.2.1;39;MST2.2.2.1;Twenty Seven ;27;2013-08-23;MV2.2.2.1.39;;1 Publish;Loc7 Rift Valley;20120901 3;Org1 Company A;7
MV2.2.2.1.40;MV2.2.2.1;40;MST2.2.2.1;Thirty Three ;33;2013-08-23;MV2.2.2.1.40;;1 Publish;Loc7 Rift Valley;20121201 4;Org1 Company A;7
MV2.2.2.1.41;MV2.2.2.1;41;MST2.2.2.1;Forty Three ;43;2013-08-23;MV2.2.2.1.41;;1 Publish;Loc7 Rift Valley;20130301 1;Org1 Company A;7
MV2.2.2.1.42;MV2.2.2.1;42;MST2.2.2.1;Fifty Five ;55;2013-08-23;MV2.2.2.1.42;;1 Publish;Loc7 Rift Valley;20130601 2;Org1 Company A;7
MV2.3.1.1.1;MV2.3.1.1;1;MST2.3.1.1;Three ;3;2013-08-23;MV2.3.1.1.1;;1 Publish;Loc1 Central;20120301 1;Org2 Company B;1
MV2.3.1.1.2;MV2.3.1.1;2;MST2.3.1.1;Six ;6;2013-08-23;MV2.3.1.1.2;;1 Publish;Loc1 Central;20120601 2;Org2 Company B;1
MV2.3.1.1.3;MV2.3.1.1;3;MST2.3.1.1;Eleven ;11;2013-08-23;MV2.3.1.1.3;;1 Publish;Loc1 Central;20120901 3;Org2 Company B;1
MV2.3.1.1.4;MV2.3.1.1;4;MST2.3.1.1;Fifteen ;15;2013-08-23;MV2.3.1.1.4;;1 Publish;Loc1 Central;20121201 4;Org2 Company B;1
MV2.3.1.1.5;MV2.3.1.1;5;MST2.3.1.1;Nineteen ;19;2013-08-23;MV2.3.1.1.5;;1 Publish;Loc1 Central;20130301 1;Org2 Company B;1
MV2.3.1.1.6;MV2.3.1.1;6;MST2.3.1.1;Twenty One ;21;2013-08-23;MV2.3.1.1.6;;1 Publish;Loc1 Central;20130601 2;Org2 Company B;1
MV2.3.1.1.11;MV2.3.1.1;11;MST2.3.1.1;Three ;3;2013-08-23;MV2.3.1.1.11;;1 Publish;Loc2 Coast;20120301 1;Org1 Company A;2
MV2.3.1.1.12;MV2.3.1.1;12;MST2.3.1.1;Five ;5;2013-08-23;MV2.3.1.1.12;;1 Publish;Loc2 Coast;20120601 2;Org1 Company A;2
MV2.3.1.1.13;MV2.3.1.1;13;MST2.3.1.1;Eight ;8;2013-08-23;MV2.3.1.1.13;;1 Publish;Loc2 Coast;20120901 3;Org1 Company A;2
MV2.3.1.1.15;MV2.3.1.1;15;MST2.3.1.1;Thirteen ;13;2013-08-23;MV2.3.1.1.15;;1 Publish;Loc2 Coast;20130301 1;Org1 Company A;2
MV2.3.1.1.16;MV2.3.1.1;16;MST2.3.1.1;Fourteen ;14;2013-08-23;MV2.3.1.1.16;;1 Publish;Loc2 Coast;20130601 2;Org1 Company A;2
MV2.3.1.1.21;MV2.3.1.1;21;MST2.3.1.1;Three ;3;2013-08-23;MV2.3.1.1.21;;1 Publish;Loc3 Eastern;20120301 1;Org1 Company A;3
MV2.3.1.1.22;MV2.3.1.1;22;MST2.3.1.1;Four ;4;2013-08-23;MV2.3.1.1.22;;1 Publish;Loc3 Eastern;20120601 2;Org1 Company A;3
MV2.3.1.1.23;MV2.3.1.1;23;MST2.3.1.1;Seven ;7;2013-08-23;MV2.3.1.1.23;;1 Publish;Loc3 Eastern;20120901 3;Org1 Company A;3
MV2.3.1.1.24;MV2.3.1.1;24;MST2.3.1.1;Twelve ;12;2013-08-23;MV2.3.1.1.24;;1 Publish;Loc3 Eastern;20121201 4;Org1 Company A;3
MV2.3.1.1.25;MV2.3.1.1;25;MST2.3.1.1;Twelve ;12;2013-08-23;MV2.3.1.1.25;;1 Publish;Loc3 Eastern;20130301 1;Org1 Company A;3
MV2.3.1.1.26;MV2.3.1.1;26;MST2.3.1.1;Fifteen ;15;2013-08-23;MV2.3.1.1.26;;1 Publish;Loc3 Eastern;20130601 2;Org1 Company A;3
MV2.3.1.1.31;MV2.3.1.1;31;MST2.3.1.1;Five ;5;2013-08-23;MV2.3.1.1.31;;1 Publish;Loc4 Nairobi;20120301 1;Org1 Company A;4
MV2.3.1.1.32;MV2.3.1.1;32;MST2.3.1.1;Seven ;7;2013-08-23;MV2.3.1.1.32;;1 Publish;Loc4 Nairobi;20120601 2;Org1 Company A;4
MV2.3.1.1.33;MV2.3.1.1;33;MST2.3.1.1;Eight ;8;2013-08-23;MV2.3.1.1.33;;1 Publish;Loc4 Nairobi;20120901 3;Org1 Company A;4
MV2.3.1.1.34;MV2.3.1.1;34;MST2.3.1.1;Twelve ;12;2013-08-23;MV2.3.1.1.34;;1 Publish;Loc4 Nairobi;20121201 4;Org1 Company A;4
MV2.3.1.1.35;MV2.3.1.1;35;MST2.3.1.1;Sixteen ;16;2013-08-23;MV2.3.1.1.35;;1 Publish;Loc4 Nairobi;20130301 1;Org1 Company A;4
MV2.3.1.1.36;MV2.3.1.1;36;MST2.3.1.1;Seventeen ;17;2013-08-23;MV2.3.1.1.36;;1 Publish;Loc4 Nairobi;20130601 2;Org1 Company A;4
MV2.4.1.1.1;MV2.4.1.1;1;MST2.4.1.1;Five ;5;2013-08-23;MV2.4.1.1.1;;1 Publish;Loc8 Western;20120301 1;Org2 Company B;8
MV2.4.1.1.2;MV2.4.1.1;2;MST2.4.1.1;Nine ;9;2013-08-23;MV2.4.1.1.2;;1 Publish;Loc8 Western;20120601 2;Org2 Company B;8
MV2.4.1.1.3;MV2.4.1.1;3;MST2.4.1.1;Thirteen ;13;2013-08-23;MV2.4.1.1.3;;1 Publish;Loc8 Western;20120901 3;Org2 Company B;8
MV2.4.1.1.4;MV2.4.1.1;4;MST2.4.1.1;Sixteen ;16;2013-08-23;MV2.4.1.1.4;;1 Publish;Loc8 Western;20121201 4;Org2 Company B;8
MV2.4.1.1.5;MV2.4.1.1;5;MST2.4.1.1;Nineteen ;19;2013-08-23;MV2.4.1.1.5;;1 Publish;Loc8 Western;20130301 1;Org2 Company B;8
MV2.4.1.1.6;MV2.4.1.1;6;MST2.4.1.1;Twenty Seven ;27;2013-08-23;MV2.4.1.1.6;;1 Publish;Loc8 Western;20130601 2;Org2 Company B;8
MV2.4.1.1.11;MV2.4.1.1;11;MST2.4.1.1;Six ;6;2013-08-23;MV2.4.1.1.11;;1 Publish;Loc7 Rift Valley;20120301 1;Org2 Company B;7
MV2.4.1.1.12;MV2.4.1.1;12;MST2.4.1.1;Ten ;10;2013-08-23;MV2.4.1.1.12;;1 Publish;Loc7 Rift Valley;20120601 2;Org2 Company B;7
MV2.4.1.1.13;MV2.4.1.1;13;MST2.4.1.1;Fourteen ;14;2013-08-23;MV2.4.1.1.13;;1 Publish;Loc7 Rift Valley;20120901 3;Org2 Company B;7
MV2.4.1.1.14;MV2.4.1.1;14;MST2.4.1.1;Seventeen ;17;2013-08-23;MV2.4.1.1.14;;1 Publish;Loc7 Rift Valley;20121201 4;Org2 Company B;7
MV2.4.1.1.15;MV2.4.1.1;15;MST2.4.1.1;Twenty  ;20;2013-08-23;MV2.4.1.1.15;;1 Publish;Loc7 Rift Valley;20130301 1;Org2 Company B;7
MV2.4.1.1.16;MV2.4.1.1;16;MST2.4.1.1;Twenty Eight ;28;2013-08-23;MV2.4.1.1.16;;1 Publish;Loc7 Rift Valley;20130601 2;Org2 Company B;7
MV2.4.1.1.21;MV2.4.1.1;21;MST2.4.1.1;Seven ;7;2013-08-23;MV2.4.1.1.21;;1 Publish;Loc6 Nyanza;20120301 1;Org1 Company A;6
MV2.4.1.1.22;MV2.4.1.1;22;MST2.4.1.1;Eight ;8;2013-08-23;MV2.4.1.1.22;;1 Publish;Loc6 Nyanza;20120601 2;Org1 Company A;6
MV2.4.1.1.23;MV2.4.1.1;23;MST2.4.1.1;Fifteen ;15;2013-08-23;MV2.4.1.1.23;;1 Publish;Loc6 Nyanza;20120901 3;Org1 Company A;6
MV2.4.1.1.24;MV2.4.1.1;24;MST2.4.1.1;Fifteen ;15;2013-08-23;MV2.4.1.1.24;;1 Publish;Loc6 Nyanza;20121201 4;Org1 Company A;6
MV2.4.1.1.25;MV2.4.1.1;25;MST2.4.1.1;Twenty One ;21;2013-08-23;MV2.4.1.1.25;;1 Publish;Loc6 Nyanza;20130301 1;Org1 Company A;6
MV2.4.1.1.26;MV2.4.1.1;26;MST2.4.1.1;Twenty Six ;26;2013-08-23;MV2.4.1.1.26;;1 Publish;Loc6 Nyanza;20130601 2;Org1 Company A;6
MV2.4.1.1.31;MV2.4.1.1;31;MST2.4.1.1;Seven ;7;2013-08-23;MV2.4.1.1.31;;1 Publish;Loc5 North Eastern;20120301 1;Org2 Company B;5
MV2.4.1.1.32;MV2.4.1.1;32;MST2.4.1.1;Eight ;8;2013-08-23;MV2.4.1.1.32;;1 Publish;Loc5 North Eastern;20120601 2;Org2 Company B;5
MV2.4.1.1.33;MV2.4.1.1;33;MST2.4.1.1;Sixteen ;16;2013-08-23;MV2.4.1.1.33;;1 Publish;Loc5 North Eastern;20120901 3;Org2 Company B;5
MV2.4.1.1.34;MV2.4.1.1;34;MST2.4.1.1;Seventeen ;17;2013-08-23;MV2.4.1.1.34;;1 Publish;Loc5 North Eastern;20121201 4;Org2 Company B;5
MV2.4.1.1.35;MV2.4.1.1;35;MST2.4.1.1;Eighteen ;18;2013-08-23;MV2.4.1.1.35;;1 Publish;Loc5 North Eastern;20130301 1;Org2 Company B;5
MV2.4.1.1.36;MV2.4.1.1;36;MST2.4.1.1;Twenty Five ;25;2013-08-23;MV2.4.1.1.36;;1 Publish;Loc5 North Eastern;20130601 2;Org2 Company B;5
MV2.5.1.1.1;MV2.5.1.1;1;MST2.5.1.1;Seven ;7;2013-08-23;MV2.5.1.1.1;;1 Publish;Loc4 Nairobi;20120301 1;Org1 Company A;4
MV2.5.1.1.2;MV2.5.1.1;2;MST2.5.1.1;Eight ;8;2013-08-23;MV2.5.1.1.2;;1 Publish;Loc4 Nairobi;20120601 2;Org1 Company A;4
MV2.5.1.1.3;MV2.5.1.1;3;MST2.5.1.1;Fifteen ;15;2013-08-23;MV2.5.1.1.3;;1 Publish;Loc4 Nairobi;20120901 3;Org1 Company A;4
MV2.5.1.1.4;MV2.5.1.1;4;MST2.5.1.1;Fifteen ;15;2013-08-23;MV2.5.1.1.4;;1 Publish;Loc4 Nairobi;20121201 4;Org1 Company A;4
MV2.5.1.1.5;MV2.5.1.1;5;MST2.5.1.1;Twenty One ;21;2013-08-23;MV2.5.1.1.5;;1 Publish;Loc4 Nairobi;20130301 1;Org1 Company A;4
MV2.5.1.1.6;MV2.5.1.1;6;MST2.5.1.1;Twenty Six ;26;2013-08-23;MV2.5.1.1.6;;1 Publish;Loc4 Nairobi;20130601 2;Org1 Company A;4
MV2.5.1.1.13;MV2.5.1.1;13;MST2.5.1.1;Sixteen ;16;2013-08-23;MV2.5.1.1.13;;1 Publish;Loc7 Rift Valley;20120901 3;Org1 Company A;4
MV2.5.1.1.15;MV2.5.1.1;15;MST2.5.1.1;Eighteen ;18;2013-08-23;MV2.5.1.1.15;;1 Publish;Loc7 Rift Valley;20130301 1;Org1 Company A;4
MV2.5.1.1.16;MV2.5.1.1;16;MST2.5.1.1;Twenty Five ;25;2013-08-23;MV2.5.1.1.16;;1 Publish;Loc7 Rift Valley;20130601 2;Org1 Company A;4
MV2.5.1.1.21;MV2.5.1.1;21;MST2.5.1.1;Five ;5;2013-08-23;MV2.5.1.1.21;;1 Publish;Loc7 Rift Valley;20120301 1;Org1 Company A;4
MV2.5.1.1.22;MV2.5.1.1;22;MST2.5.1.1;Nine ;9;2013-08-23;MV2.5.1.1.22;;1 Publish;Loc7 Rift Valley;20120601 2;Org1 Company A;4
MV2.5.1.1.23;MV2.5.1.1;23;MST2.5.1.1;Thirteen ;13;2013-08-23;MV2.5.1.1.23;;1 Publish;Loc6 Nyanza;20120901 3;Org1 Company A;4
MV2.5.1.1.24;MV2.5.1.1;24;MST2.5.1.1;Sixteen ;16;2013-08-23;MV2.5.1.1.24;;1 Publish;Loc6 Nyanza;20121201 4;Org1 Company A;4
MV2.5.1.1.25;MV2.5.1.1;25;MST2.5.1.1;Nineteen ;19;2013-08-23;MV2.5.1.1.25;;1 Publish;Loc6 Nyanza;20130301 1;Org1 Company A;4
MV2.5.1.1.26;MV2.5.1.1;26;MST2.5.1.1;Twenty Seven ;27;2013-08-23;MV2.5.1.1.26;;1 Publish;Loc6 Nyanza;20130601 2;Org1 Company A;4
MV2.5.1.1.31;MV2.5.1.1;31;MST2.5.1.1;Six ;6;2013-08-23;MV2.5.1.1.31;;1 Publish;Loc6 Nyanza;20120301 1;Org1 Company A;4
MV2.5.1.1.32;MV2.5.1.1;32;MST2.5.1.1;Ten ;10;2013-08-23;MV2.5.1.1.32;;1 Publish;Loc6 Nyanza;20120601 2;Org1 Company A;4
MV2.5.1.1.33;MV2.5.1.1;33;MST2.5.1.1;Fourteen ;14;2013-08-23;MV2.5.1.1.33;;1 Publish;Loc5 North Eastern;20120901 3;Org1 Company A;4
MV2.5.1.1.34;MV2.5.1.1;34;MST2.5.1.1;Seventeen ;17;2013-08-23;MV2.5.1.1.34;;1 Publish;Loc5 North Eastern;20121201 4;Org1 Company A;4
MV2.5.1.1.35;MV2.5.1.1;35;MST2.5.1.1;Twenty  ;20;2013-08-23;MV2.5.1.1.35;;1 Publish;Loc5 North Eastern;20130301 1;Org1 Company A;4
MV2.5.1.1.36;MV2.5.1.1;36;MST2.5.1.1;Twenty Eight ;28;2013-08-23;MV2.5.1.1.36;;1 Publish;Loc5 North Eastern;20130601 2;Org1 Company A;4
MV3.1.1.1.1;MV3.1.1.1;1;MST3.1.1.1;Three Thousand Five Hundred Ten ;3510;2013-08-23;MV3.1.1.1.1;;1 Publish;Loc5 North Eastern;20120301 1;Org1 Company A;1
MV3.1.1.1.2;MV3.1.1.1;2;MST3.1.1.1;Four Thousand One Hundred Twenty Three ;4123;2013-08-23;MV3.1.1.1.2;;1 Publish;Loc5 North Eastern;20120601 2;Org1 Company A;1
MV3.1.1.1.3;MV3.1.1.1;3;MST3.1.1.1;Four Thousand Five Hundred Fifty  ;4550;2013-08-23;MV3.1.1.1.3;;1 Publish;Loc1 Central;20120901 3;Org1 Company A;1
MV3.1.1.1.5;MV3.1.1.1;5;MST3.1.1.1;Four Thousand Nine Hundred Seventy Five ;4975;2013-08-23;MV3.1.1.1.5;;1 Publish;Loc1 Central;20130301 1;Org1 Company A;1
MV3.1.1.1.6;MV3.1.1.1;6;MST3.1.1.1;Five Thousand One Hundred Twenty Seven ;5127;2013-08-23;MV3.1.1.1.6;;1 Publish;Loc1 Central;20130601 2;Org1 Company A;1
MV3.1.1.1.11;MV3.1.1.1;11;MST3.1.1.1;Three Thousand Nine Hundred  ;3900;2013-08-23;MV3.1.1.1.11;;1 Publish;Loc2 Coast;20120301 1;Org2 Company B;2
MV3.1.1.1.12;MV3.1.1.1;12;MST3.1.1.1;Four Thousand Three Hundred Twenty One ;4321;2013-08-23;MV3.1.1.1.12;;1 Publish;Loc2 Coast;20120601 2;Org2 Company B;2
MV3.1.1.1.13;MV3.1.1.1;13;MST3.1.1.1;Four Thousand Seven Hundred Ninety Nine ;4799;2013-08-23;MV3.1.1.1.13;;1 Publish;Loc2 Coast;20120901 3;Org2 Company B;2
MV3.1.1.1.14;MV3.1.1.1;14;MST3.1.1.1;Four Thousand Nine Hundred Seventy Seven ;4977;2013-08-23;MV3.1.1.1.14;;1 Publish;Loc2 Coast;20121201 4;Org2 Company B;2
MV3.1.1.1.15;MV3.1.1.1;15;MST3.1.1.1;Five Thousand Two Hundred Thirty Four ;5234;2013-08-23;MV3.1.1.1.15;;1 Publish;Loc2 Coast;20130301 1;Org2 Company B;2
MV3.1.1.1.16;MV3.1.1.1;16;MST3.1.1.1;Five Thousand Seven Hundred Eighty Nine ;5789;2013-08-23;MV3.1.1.1.16;;1 Publish;Loc2 Coast;20130601 2;Org2 Company B;2
MV3.1.1.1.21;MV3.1.1.1;21;MST3.1.1.1;Three Thousand Six Hundred Twenty One ;3621;2013-08-23;MV3.1.1.1.21;;1 Publish;Loc3 Eastern;20120301 1;Org1 Company A;3
MV3.1.1.1.22;MV3.1.1.1;22;MST3.1.1.1;Four Thousand Three Hundred Thirty Two ;4332;2013-08-23;MV3.1.1.1.22;;1 Publish;Loc3 Eastern;20120601 2;Org1 Company A;3
MV3.1.1.1.23;MV3.1.1.1;23;MST3.1.1.1;Four Thousand Seven Hundred Sixty Five ;4765;2013-08-23;MV3.1.1.1.23;;1 Publish;Loc3 Eastern;20120901 3;Org1 Company A;3
MV3.1.1.1.24;MV3.1.1.1;24;MST3.1.1.1;Four Thousand Eight Hundred Seventy Six ;4876;2013-08-23;MV3.1.1.1.24;;1 Publish;Loc3 Eastern;20121201 4;Org1 Company A;3
MV3.1.1.1.25;MV3.1.1.1;25;MST3.1.1.1;Four Thousand Nine Hundred Eighty Seven ;4987;2013-08-23;MV3.1.1.1.25;;1 Publish;Loc3 Eastern;20130301 1;Org1 Company A;3
MV3.1.1.1.26;MV3.1.1.1;26;MST3.1.1.1;Five Thousand Three Hundred Twenty One ;5321;2013-08-23;MV3.1.1.1.26;;1 Publish;Loc3 Eastern;20130601 2;Org1 Company A;3
MV3.1.1.1.31;MV3.1.1.1;31;MST3.1.1.1;Three Thousand Four Hundred Fifty Six ;3456;2013-08-23;MV3.1.1.1.31;;1 Publish;Loc4 Nairobi;20120301 1;Org1 Company A;4
MV3.1.1.1.32;MV3.1.1.1;32;MST3.1.1.1;Four Thousand Ninety Eight ;4098;2013-08-23;MV3.1.1.1.32;;1 Publish;Loc4 Nairobi;20120601 2;Org1 Company A;4
MV3.1.1.1.33;MV3.1.1.1;33;MST3.1.1.1;Four Thousand Four Hundred Fifty Six ;4456;2013-08-23;MV3.1.1.1.33;;1 Publish;Loc4 Nairobi;20120901 3;Org1 Company A;4
MV3.1.1.1.34;MV3.1.1.1;34;MST3.1.1.1;Four Thousand Six Hundred Seventy Eight ;4678;2013-08-23;MV3.1.1.1.34;;1 Publish;Loc4 Nairobi;20121201 4;Org1 Company A;4
MV3.1.1.1.35;MV3.1.1.1;35;MST3.1.1.1;Four Thousand Eight Hundred Ninety  ;4890;2013-08-23;MV3.1.1.1.35;;1 Publish;Loc4 Nairobi;20130301 1;Org1 Company A;4
MV3.1.1.1.36;MV3.1.1.1;36;MST3.1.1.1;Five Thousand Ninety Eight ;5098;2013-08-23;MV3.1.1.1.36;;1 Publish;Loc4 Nairobi;20130601 2;Org1 Company A;4
MV3.1.2.1.1;MV3.1.2.1;1;MST3.1.2.1;Five Thousand Seven Hundred Forty Four ;5744;2013-08-23;MV3.1.2.1.1;;1 Publish;Loc1 Central;20120301 1;Org1 Company A;1
MV3.1.2.1.2;MV3.1.2.1;2;MST3.1.2.1;Six Thousand Four Hundred Fifty Five ;6455;2013-08-23;MV3.1.2.1.2;;1 Publish;Loc1 Central;20120601 2;Org1 Company A;1
MV3.1.2.1.3;MV3.1.2.1;3;MST3.1.2.1;Six Thousand Eight Hundred Eighty Eight ;6888;2013-08-23;MV3.1.2.1.3;;1 Publish;Loc1 Central;20120901 3;Org1 Company A;1
MV3.1.2.1.4;MV3.1.2.1;4;MST3.1.2.1;Six Thousand Nine Hundred Ninety Nine ;6999;2013-08-23;MV3.1.2.1.4;;1 Publish;Loc1 Central;20121201 4;Org1 Company A;1
MV3.1.2.1.5;MV3.1.2.1;5;MST3.1.2.1;Seven Thousand One Hundred Ten ;7110;2013-08-23;MV3.1.2.1.5;;1 Publish;Loc1 Central;20130301 1;Org1 Company A;1
MV3.1.2.1.6;MV3.1.2.1;6;MST3.1.2.1;Seven Thousand Four Hundred Forty Four ;7444;2013-08-23;MV3.1.2.1.6;;1 Publish;Loc1 Central;20130601 2;Org1 Company A;1
MV3.1.2.1.11;MV3.1.2.1;11;MST3.1.2.1;Five Thousand Five Hundred Seventy Nine ;5579;2013-08-23;MV3.1.2.1.11;;1 Publish;Loc2 Coast;20120301 1;Org2 Company B;2
MV3.1.2.1.12;MV3.1.2.1;12;MST3.1.2.1;Six Thousand Two Hundred Twenty One ;6221;2013-08-23;MV3.1.2.1.12;;1 Publish;Loc2 Coast;20120601 2;Org2 Company B;2
MV3.1.2.1.13;MV3.1.2.1;13;MST3.1.2.1;Six Thousand Five Hundred Seventy Nine ;6579;2013-08-23;MV3.1.2.1.13;;1 Publish;Loc2 Coast;20120901 3;Org2 Company B;2
MV3.1.2.1.14;MV3.1.2.1;14;MST3.1.2.1;Six Thousand Eight Hundred One ;6801;2013-08-23;MV3.1.2.1.14;;1 Publish;Loc2 Coast;20121201 4;Org2 Company B;2
MV3.1.2.1.15;MV3.1.2.1;15;MST3.1.2.1;Seven Thousand Thirteen ;7013;2013-08-23;MV3.1.2.1.15;;1 Publish;Loc2 Coast;20130301 1;Org2 Company B;2
MV3.1.2.1.16;MV3.1.2.1;16;MST3.1.2.1;Seven Thousand Two Hundred Twenty One ;7221;2013-08-23;MV3.1.2.1.16;;1 Publish;Loc2 Coast;20130601 2;Org2 Company B;2
MV3.1.2.1.21;MV3.1.2.1;21;MST3.1.2.1;Five Thousand Six Hundred Thirty Three ;5633;2013-08-23;MV3.1.2.1.21;;1 Publish;Loc3 Eastern;20120301 1;Org1 Company A;3
MV3.1.2.1.22;MV3.1.2.1;22;MST3.1.2.1;Six Thousand Two Hundred Forty Six ;6246;2013-08-23;MV3.1.2.1.22;;1 Publish;Loc3 Eastern;20120601 2;Org1 Company A;3
MV3.1.2.1.23;MV3.1.2.1;23;MST3.1.2.1;Six Thousand Six Hundred Seventy Three ;6673;2013-08-23;MV3.1.2.1.23;;1 Publish;Loc3 Eastern;20120901 3;Org1 Company A;3
MV3.1.2.1.24;MV3.1.2.1;24;MST3.1.2.1;Two Thousand One Hundred Twenty Three ;2123;2013-08-23;MV3.1.2.1.24;;1 Publish;Loc3 Eastern;20121201 4;Org1 Company A;3
MV3.1.2.1.25;MV3.1.2.1;25;MST3.1.2.1;Seven Thousand Ninety Eight ;7098;2013-08-23;MV3.1.2.1.25;;1 Publish;Loc3 Eastern;20130301 1;Org1 Company A;3
MV3.1.2.1.26;MV3.1.2.1;26;MST3.1.2.1;Seven Thousand Two Hundred Fifty  ;7250;2013-08-23;MV3.1.2.1.26;;1 Publish;Loc3 Eastern;20130601 2;Org1 Company A;3
MV3.1.2.1.31;MV3.1.2.1;31;MST3.1.2.1;Six Thousand Twenty Three ;6023;2013-08-23;MV3.1.2.1.31;;1 Publish;Loc4 Nairobi;20120301 1;Org1 Company A;4
MV3.1.2.1.32;MV3.1.2.1;32;MST3.1.2.1;Six Thousand Four Hundred Forty Four ;6444;2013-08-23;MV3.1.2.1.32;;1 Publish;Loc4 Nairobi;20120601 2;Org1 Company A;4
MV3.1.2.1.33;MV3.1.2.1;33;MST3.1.2.1;Six Thousand Nine Hundred Twenty Two ;6922;2013-08-23;MV3.1.2.1.33;;1 Publish;Loc4 Nairobi;20120901 3;Org1 Company A;4
MV3.1.2.1.34;MV3.1.2.1;34;MST3.1.2.1;Seven Thousand One Hundred  ;7100;2013-08-23;MV3.1.2.1.34;;1 Publish;Loc4 Nairobi;20121201 4;Org1 Company A;4
MV3.1.2.1.35;MV3.1.2.1;35;MST3.1.2.1;Seven Thousand Three Hundred Fifty Seven ;7357;2013-08-23;MV3.1.2.1.35;;1 Publish;Loc4 Nairobi;20130301 1;Org1 Company A;4
MV3.1.2.1.36;MV3.1.2.1;36;MST3.1.2.1;Seven Thousand Nine Hundred Twelve ;7912;2013-08-23;MV3.1.2.1.36;;1 Publish;Loc4 Nairobi;20130601 2;Org1 Company A;4
